id,name,category,price,create_date
1,iPhone 13,Electronics,799.99,2024-01-01T00:00:00Z
21,iPhone 13,Electronics,799.99,2024-01-01T00:00:00Z
1000,iPhone 13,Electronics,799.99,2024-01-01T00:00:00Z
100,iPhone 13,Electronics,799.99,2024-01-01T00:00:00Z
10,iPhone 13,Electronics,799.99,2024-01-01T00:00:00Z
2,Nike Air Max,Shoes,129.99,2024-01-02T00:00:00Z
3,Coffee Maker,Appliances,59.99,2024-01-03T00:00:00Z
4,Python Book,Books,45.50,2024-01-15T00:00:00Z
5,Gaming Mouse,Electronics,89.99,2024-01-20T00:00:00Z
6,Smart Watch,Electronics,299.99,2024-01-25T00:00:00Z
7,Desk Lamp,Home,34.99,2024-01-30T00:00:00Z
8,Bluetooth Speaker,Electronics,79.99,2024-01-31T00:00:00Z
1,iPhone 13,Electronics,799.99,2024-01-01T00:00:00Z
21,iPhone 13,Electronics,799.99,2024-01-01T00:00:00Z
1000,iPhone 13,Electronics,799.99,2024-01-01T00:00:00Z
100,iPhone 13,Electronics,799.99,2024-01-01T00:00:00Z
10,iPhone 13,Electronics,799.99,2024-01-01T00:00:00Z
2,Nike Air Max,Shoes,129.99,2024-01-02T00:00:00Z
3,Coffee Maker,Appliances,59.99,2024-01-03T00:00:00Z
4,Python Book,Books,45.50,2024-01-15T00:00:00Z
5,Gaming Mouse,Electronics,89.99,2024-01-20T00:00:00Z
6,Smart Watch,Electronics,299.99,2024-01-25T00:00:00Z
7,Desk Lamp,Home,34.99,2024-01-30T00:00:00Z
8,Bluetooth Speaker,Electronics,79.99,2024-01-31T00:00:00Z
1,iPhone 13,Electronics,799.99,2024-01-01T00:00:00Z
21,iPhone 13,Electronics,799.99,2024-01-01T00:00:00Z
1000,iPhone 13,Electronics,799.99,2024-01-01T00:00:00Z
100,iPhone 13,Electronics,799.99,2024-01-01T00:00:00Z
10,iPhone 13,Electronics,799.99,2024-01-01T00:00:00Z
2,Nike Air Max,Shoes,129.99,2024-01-02T00:00:00Z
3,Coffee Maker,Appliances,59.99,2024-01-03T00:00:00Z
4,Python Book,Books,45.50,2024-01-15T00:00:00Z
5,Gaming Mouse,Electronics,89.99,2024-01-20T00:00:00Z
6,Smart Watch,Electronics,299.99,2024-01-25T00:00:00Z
7,Desk Lamp,Home,34.99,2024-01-30T00:00:00Z
8,Bluetooth Speaker,Electronics,79.99,2024-01-31T00:00:00Z
